1,Sandra,F
2,Joao,F
3,Marcia,F
4,Maria,F
5,Joana,Fem
6,Mariana,Fem
7,Cristina,Fem
8,Luciana, Fem
8,Beatriz,Feminino
9,Ana, Feminino
10,Marli, Feminino
11, Solange, Feminino
12,Cleide, mulher
13, Neusa, mulher
14,Idalina, mulher
15,Vera, mulher
16,Sueli,outros
17,jessica,indefinido
18,jacinta,F
19,Fatima,f
20,Adriana,f
21,Marcelo,M
22,Joao,M
23,Antonio,Masc
24,Jose,Masc
24,Carlos,Masculino
25,Manoel,Masculino
26,Armindo,Feminino
27,Elisio,Feminino
28,Joaquim,homem
29,Jau,homem
30,Reginaldo,H
31,Mario,h
32,Fernando,homem
33,Rafael,masculino
34,Pedro,M
35,Guilherme,m
36,Leonardo,Masc
